﻿designator,quantity,value,pack,mpn,mount_type
"C1, C4, C5, C6",4,0.1uf,C_Disc_D8.0mm_W2.5mm_P5.00mm,,tht
"C2, C3",2,0.1uF,C_Disc_D8.0mm_W2.5mm_P5.00mm,,tht
"C7, C8, C9",3,C,C_Radial_D10.0mm_H12.5mm_P5.00mm,,tht
"D1, D2, D3, D4, D5, D6",6,LED,LED_D5.0mm,,tht
J1,1,Screw_Terminal_01x02,"TerminalBlock_Phoenix_MKDS-1,5-2_1x02_P5.00mm_Horizontal",,tht
"R1, R2, R3, R4, R5, R6",6,330,R_Axial_DIN0207_L6.3mm_D2.5mm_P10.16mm_Horizontal,,tht
"R10, R11, R12, R7, R8, R9",6,10K,R_Axial_DIN0207_L6.3mm_D2.5mm_P10.16mm_Horizontal,,tht
"TP1, TP10, TP12, TP13, TP2, TP3, TP4, TP5, TP6, TP7, TP8, TP9",12,TestPoint,TestPoint_Plated_Hole_D2.0mm,,tht
U1,1,~,ESP-WROOM_32,,tht
"U10, U8",2,~,PinHeader_1x04_P2.54mm_Vertical,,tht
"U2, U3, U4, U5, U6, u7",6,~,SW_Tactile,,tht
U9,1,~,PinHeader_1x08_P2.54mm_Vertical,,tht
