﻿pos_x,pos_y,rotation,side,designator,mpn,pack,value,mount_type,place
189.25,-81.5,0.0,top,C1,,C_Disc_D8.0mm_W2.5mm_P5.00mm,0.1uf,tht,True
194.0,-89.7,180.0,top,C2,,C_Disc_D8.0mm_W2.5mm_P5.00mm,0.1uF,tht,True
180.0,-104.75,90.0,top,C3,,C_Disc_D8.0mm_W2.5mm_P5.00mm,0.1uF,tht,True
203.0,-104.75,90.0,top,C4,,C_Disc_D8.0mm_W2.5mm_P5.00mm,0.1uf,tht,True
189.0,-114.3,0.0,top,C5,,C_Disc_D8.0mm_W2.5mm_P5.00mm,0.1uf,tht,True
189.0,-122.5,0.0,top,C6,,C_Disc_D8.0mm_W2.5mm_P5.00mm,0.1uf,tht,True
168.75,-122.0,0.0,top,C7,,C_Radial_D10.0mm_H12.5mm_P5.00mm,C,tht,True
92.5,-82.75,0.0,top,C8,,C_Radial_D10.0mm_H12.5mm_P5.00mm,C,tht,True
132.0,-105.5,0.0,top,C9,,C_Radial_D10.0mm_H12.5mm_P5.00mm,C,tht,True
106.225,-94.875,0.0,top,D1,,LED_D5.0mm,LED,tht,True
99.225,-94.8541,0.0,top,D2,,LED_D5.0mm,LED,tht,True
92.225,-94.85,0.0,top,D3,,LED_D5.0mm,LED,tht,True
92.225,-103.8541,0.0,top,D4,,LED_D5.0mm,LED,tht,True
99.225,-103.8541,0.0,top,D5,,LED_D5.0mm,LED,tht,True
106.225,-103.8541,0.0,top,D6,,LED_D5.0mm,LED,tht,True
46.5,-122.555,0.0,top,J1,,"TerminalBlock_Phoenix_MKDS-1,5-2_1x02_P5.00mm_Horizontal",Screw_Terminal_01x02,tht,True
111.25,-112.92,-90.0,top,R1,,R_Axial_DIN0207_L6.3mm_D2.5mm_P10.16mm_Horizontal,330,tht,True
194.17,-94.25,0.0,top,R10,,R_Axial_DIN0207_L6.3mm_D2.5mm_P10.16mm_Horizontal,10K,tht,True
177.42,-109.0,0.0,top,R11,,R_Axial_DIN0207_L6.3mm_D2.5mm_P10.16mm_Horizontal,10K,tht,True
204.93,-108.925,180.0,top,R12,,R_Axial_DIN0207_L6.3mm_D2.5mm_P10.16mm_Horizontal,10K,tht,True
107.2,-112.92,-90.0,top,R2,,R_Axial_DIN0207_L6.3mm_D2.5mm_P10.16mm_Horizontal,330,tht,True
103.15,-112.92,-90.0,top,R3,,R_Axial_DIN0207_L6.3mm_D2.5mm_P10.16mm_Horizontal,330,tht,True
99.1,-112.92,-90.0,top,R4,,R_Axial_DIN0207_L6.3mm_D2.5mm_P10.16mm_Horizontal,330,tht,True
95.05,-112.92,-90.0,top,R5,,R_Axial_DIN0207_L6.3mm_D2.5mm_P10.16mm_Horizontal,330,tht,True
91.0,-112.92,-90.0,top,R6,,R_Axial_DIN0207_L6.3mm_D2.5mm_P10.16mm_Horizontal,330,tht,True
197.55,-91.33,90.0,top,R7,,R_Axial_DIN0207_L6.3mm_D2.5mm_P10.16mm_Horizontal,10K,tht,True
185.75,-91.58,90.0,top,R8,,R_Axial_DIN0207_L6.3mm_D2.5mm_P10.16mm_Horizontal,10K,tht,True
178.67,-94.25,0.0,top,R9,,R_Axial_DIN0207_L6.3mm_D2.5mm_P10.16mm_Horizontal,10K,tht,True
85.5,-83.25,0.0,top,TP1,,TestPoint_Plated_Hole_D2.0mm,TestPoint,tht,True
61.75,-121.3541,0.0,top,TP10,,TestPoint_Plated_Hole_D2.0mm,TestPoint,tht,True
56.75,-121.5,0.0,top,TP12,,TestPoint_Plated_Hole_D2.0mm,TestPoint,tht,True
51.8825,-83.1541,0.0,top,TP13,,TestPoint_Plated_Hole_D2.0mm,TestPoint,tht,True
81.25,-83.25,0.0,top,TP2,,TestPoint_Plated_Hole_D2.0mm,TestPoint,tht,True
76.8825,-83.25,0.0,top,TP3,,TestPoint_Plated_Hole_D2.0mm,TestPoint,tht,True
72.5,-83.25,0.0,top,TP4,,TestPoint_Plated_Hole_D2.0mm,TestPoint,tht,True
67.5,-83.25,0.0,top,TP5,,TestPoint_Plated_Hole_D2.0mm,TestPoint,tht,True
82.75,-121.3541,0.0,top,TP6,,TestPoint_Plated_Hole_D2.0mm,TestPoint,tht,True
78.0,-121.3541,0.0,top,TP7,,TestPoint_Plated_Hole_D2.0mm,TestPoint,tht,True
73.0,-121.3541,0.0,top,TP8,,TestPoint_Plated_Hole_D2.0mm,TestPoint,tht,True
66.5,-121.3541,0.0,top,TP9,,TestPoint_Plated_Hole_D2.0mm,TestPoint,tht,True
86.9775,-96.2741,-90.0,top,U1,,ESP-WROOM_32,~,tht,True
155.25,-83.3541,90.0,top,U10,,PinHeader_1x04_P2.54mm_Vertical,~,tht,True
205.3448,-78.1127,0.0,top,U2,,SW_Tactile,~,tht,True
189.3448,-93.8004,0.0,top,U3,,SW_Tactile,~,tht,True
199.3448,-93.8004,0.0,top,U4,,SW_Tactile,~,tht,True
183.58,-111.1168,0.0,top,U5,,SW_Tactile,~,tht,True
205.3448,-111.1168,0.0,top,U6,,SW_Tactile,~,tht,True
162.85,-114.5,-90.0,top,U8,,PinHeader_1x04_P2.54mm_Vertical,~,tht,True
136.13,-83.284118,-90.0,top,U9,,PinHeader_1x08_P2.54mm_Vertical,~,tht,True
183.5698,-78.1127,0.0,top,u7,,SW_Tactile,~,tht,True
